,Begin IP Address,End IP Address,Total Count
0,14.1.100.0,14.1.103.255,1024
1,23.234.206.0,23.234.206.31,32
2,23.234.233.0,23.234.233.31,32
3,23.234.237.32,23.234.237.63,32
4,23.234.253.0,23.234.253.31,32
5,27.0.96.0,27.0.127.255,8192
6,27.54.144.0,27.54.151.255,2048
7,27.131.12.0,27.131.15.255,1024
8,27.147.128.0,27.147.255.255,32768
9,31.13.154.168,31.13.154.175,8
10,36.255.52.0,36.255.55.255,1024
11,36.255.188.0,36.255.191.255,1024
12,36.255.248.0,36.255.251.255,1024
13,42.0.4.0,42.0.7.255,1024
14,43.224.108.0,43.224.119.255,3072
15,43.225.148.0,43.225.151.255,1024
16,43.225.204.0,43.225.207.255,1024
17,43.228.208.0,43.228.211.255,1024
18,43.229.12.0,43.229.15.255,1024
19,43.229.208.0,43.229.211.255,1024
20,43.230.120.0,43.230.123.255,1024
21,43.231.20.0,43.231.23.255,1024
22,43.231.76.0,43.231.79.255,1024
23,43.239.72.0,43.239.75.255,1024
24,43.240.52.0,43.240.55.255,1024
25,43.240.100.0,43.240.103.255,1024
26,43.243.132.0,43.243.135.255,1024
27,43.243.204.0,43.243.207.255,1024
28,43.245.116.0,43.245.123.255,2048
29,43.245.140.0,43.245.143.255,1024
30,43.245.192.0,43.245.195.255,1024
31,43.245.232.0,43.245.235.255,1024
32,43.245.244.0,43.245.247.255,1024
33,43.246.200.0,43.246.203.255,1024
34,43.250.80.0,43.250.83.255,1024
35,43.254.96.0,43.254.99.255,1024
36,43.255.20.0,43.255.23.255,1024
37,45.64.132.0,45.64.139.255,2048
38,45.64.164.0,45.64.167.255,1024
39,45.112.72.0,45.112.75.255,1024
40,45.113.236.0,45.113.239.255,1024
41,45.114.84.0,45.114.91.255,2048
42,45.114.180.0,45.114.183.255,1024
43,45.114.232.0,45.114.235.255,1024
44,45.115.12.0,45.115.15.255,1024
45,45.115.112.0,45.115.115.255,1024
46,45.115.224.0,45.115.227.255,1024
47,45.116.248.0,45.116.251.255,1024
48,45.117.56.0,45.117.63.255,2048
49,45.118.60.0,45.118.63.255,1024
50,45.118.68.0,45.118.71.255,1024
51,45.118.244.0,45.118.247.255,1024
52,45.119.120.0,45.119.123.255,1024
53,45.120.38.0,45.120.39.255,512
54,45.120.96.0,45.120.99.255,1024
55,45.120.112.0,45.120.115.255,1024
56,45.123.40.0,45.123.43.255,1024
57,45.124.12.0,45.124.15.255,1024
58,45.124.168.0,45.124.171.255,1024
59,45.125.220.0,45.125.223.255,1024
60,45.127.48.0,45.127.51.255,1024
61,45.127.244.0,45.127.251.255,2048
62,45.248.144.0,45.248.155.255,3072
63,45.249.104.0,45.249.107.255,1024
64,45.249.184.0,45.249.187.255,1024
65,45.250.20.0,45.250.23.255,1024
66,45.250.228.0,45.250.231.255,1024
67,45.250.252.0,45.250.255.255,1024
68,45.251.56.0,45.251.59.255,1024
69,45.251.128.0,45.251.131.255,1024
70,45.251.228.0,45.251.231.255,1024
71,45.252.52.0,45.252.59.255,2048
72,49.0.4.0,49.0.7.255,1024
73,49.0.32.0,49.0.63.255,8192
74,57.92.16.0,57.92.31.255,4096
75,58.65.224.0,58.65.231.255,2048
76,58.84.32.0,58.84.35.255,1024
77,58.97.128.0,58.97.255.255,32768
78,58.145.184.0,58.145.191.255,2048
79,58.147.168.0,58.147.175.255,2048
80,59.152.0.0,59.152.15.255,4096
81,59.152.60.0,59.152.63.255,1024
82,59.152.88.0,59.152.111.255,6144
83,59.153.16.0,59.153.19.255,1024
84,59.153.28.0,59.153.31.255,1024
85,59.153.100.0,59.153.103.255,1024
86,59.153.200.0,59.153.203.255,1024
87,61.247.176.0,61.247.191.255,4096
88,62.152.170.56,62.152.170.63,8
89,69.88.3.72,69.88.3.79,8
90,69.88.3.88,69.88.3.95,8
91,69.88.4.48,69.88.4.55,8
92,69.88.4.152,69.88.4.159,8
93,69.88.4.200,69.88.4.207,8
94,69.88.4.224,69.88.4.231,8
95,69.88.5.48,69.88.5.79,32
96,69.88.6.48,69.88.6.63,16
97,69.88.6.80,69.88.6.111,32
98,69.88.6.224,69.88.7.31,64
99,69.88.7.128,69.88.7.159,32
100,69.88.7.192,69.88.7.223,32
101,69.88.9.200,69.88.9.207,8
102,69.88.10.32,69.88.10.63,32
103,69.88.12.96,69.88.12.159,64
104,69.88.12.224,69.88.12.255,32
105,69.88.14.0,69.88.14.255,256
106,69.88.15.192,69.88.15.255,64
107,69.88.21.0,69.88.21.255,256
108,69.88.23.64,69.88.23.95,32
109,69.88.23.128,69.88.23.191,64
110,69.88.26.0,69.88.26.63,64
111,69.88.27.0,69.88.28.127,384
112,69.88.29.0,69.88.30.127,384
113,69.88.31.0,69.88.31.63,64
114,82.206.169.0,82.206.169.79,80
115,89.221.10.16,89.221.10.23,8
116,96.9.241.120,96.9.241.127,8
117,96.9.241.208,96.9.241.215,8
118,96.9.246.80,96.9.246.87,8
119,96.9.246.104,96.9.246.111,8
120,96.9.246.128,96.9.246.135,8
121,96.9.246.176,96.9.246.183,8
122,96.9.246.200,96.9.246.207,8
123,96.9.247.40,96.9.247.47,8
124,96.9.247.56,96.9.247.63,8
125,96.9.247.136,96.9.247.143,8
126,96.9.247.208,96.9.247.215,8
127,96.9.247.224,96.9.247.231,8
128,96.9.249.96,96.9.249.127,32
129,96.9.253.0,96.9.253.127,128
130,96.43.93.192,96.43.93.255,64
131,101.2.160.0,101.2.167.255,2048
132,103.3.224.0,103.3.227.255,1024
133,103.4.64.0,103.4.67.255,1024
134,103.4.108.8,103.4.108.15,8
135,103.4.108.24,103.4.108.27,4
136,103.4.108.32,103.4.108.47,16
137,103.4.108.52,103.4.108.79,28
138,103.4.108.84,103.4.108.87,4
139,103.4.108.92,103.4.108.107,16
140,103.4.108.112,103.4.108.143,32
141,103.4.108.168,103.4.108.171,4
142,103.4.108.200,103.4.108.207,8
143,103.4.109.8,103.4.109.15,8
144,103.4.109.40,103.4.109.43,4
145,103.4.109.96,103.4.109.127,32
146,103.4.109.252,103.4.109.255,4
147,103.4.110.108,103.4.110.111,4
148,103.4.110.128,103.4.110.191,64
149,103.4.111.64,103.4.111.127,64
150,103.4.116.0,103.4.119.255,1024
151,103.4.144.0,103.4.147.255,1024
152,103.5.232.0,103.5.235.255,1024
153,103.7.112.0,103.7.115.255,1024
154,103.7.248.0,103.7.251.255,1024
155,103.8.121.0,103.8.121.255,256
156,103.9.104.0,103.9.105.255,512
157,103.9.112.0,103.9.115.255,1024
158,103.9.132.0,103.9.139.255,2048
159,103.9.181.0,103.9.181.255,256
160,103.9.184.0,103.9.187.255,1024
161,103.9.220.0,103.9.221.255,512
162,103.9.224.0,103.9.224.255,256
163,103.10.52.0,103.10.55.255,1024
164,103.10.76.0,103.10.79.255,1024
165,103.11.136.0,103.11.139.255,1024
166,103.12.44.0,103.12.47.255,1024
167,103.12.72.0,103.12.75.255,1024
168,103.12.82.0,103.12.83.255,512
169,103.12.166.0,103.12.166.255,256
170,103.12.172.0,103.12.179.255,2048
171,103.12.205.0,103.12.207.255,768
172,103.12.228.0,103.12.231.255,1024
173,103.12.236.0,103.12.239.255,1024
174,103.12.247.0,103.12.247.255,256
175,103.13.132.0,103.13.133.255,512
176,103.13.148.0,103.13.151.255,1024
177,103.13.156.0,103.13.159.255,1024
178,103.13.224.0,103.13.227.255,1024
179,103.13.236.0,103.13.239.255,1024
180,103.14.26.0,103.14.27.255,512
181,103.14.72.0,103.14.73.255,512
182,103.14.109.0,103.14.109.255,256
183,103.14.128.0,103.14.131.255,1024
184,103.14.193.0,103.14.193.255,256
185,103.14.204.0,103.14.207.255,1024
186,103.15.40.0,103.15.43.255,1024
187,103.15.140.0,103.15.142.255,768
188,103.15.164.0,103.15.167.255,1024
189,103.15.224.0,103.15.225.255,512
190,103.15.244.0,103.15.247.255,1024
191,103.16.24.0,103.16.25.255,512
192,103.16.72.0,103.16.75.255,1024
193,103.16.152.0,103.16.155.255,1024
194,103.17.36.0,103.17.39.255,1024
195,103.17.68.0,103.17.71.255,1024
196,103.17.180.0,103.17.181.255,512
197,103.18.80.0,103.18.83.255,1024
198,103.18.180.0,103.18.180.255,256
199,103.19.36.0,103.19.36.255,256
200,103.19.130.0,103.19.131.255,512
201,103.19.252.0,103.19.255.255,1024
202,103.20.52.0,103.20.55.255,1024
203,103.20.89.0,103.20.89.255,256
204,103.20.140.0,103.20.143.255,1024
205,103.20.180.0,103.20.183.255,1024
206,103.21.40.0,103.21.43.255,1024
207,103.21.72.0,103.21.75.255,1024
208,103.21.192.0,103.21.192.255,256
209,103.23.31.0,103.23.31.255,256
210,103.23.40.0,103.23.43.255,1024
211,103.23.60.0,103.23.63.255,1024
212,103.23.204.0,103.23.207.255,1024
213,103.25.80.0,103.25.83.255,1024
214,103.25.120.0,103.25.123.255,1024
215,103.25.144.0,103.25.147.255,1024
216,103.25.164.0,103.25.164.255,256
217,103.25.184.0,103.25.187.255,1024
218,103.25.248.0,103.25.251.255,1024
219,103.26.112.0,103.26.115.255,1024
220,103.26.136.0,103.26.139.255,1024
221,103.26.244.0,103.26.247.255,1024
222,103.28.120.0,103.28.123.255,1024
223,103.29.104.0,103.29.105.255,512
224,103.29.124.0,103.29.127.255,1024
225,103.30.28.0,103.30.31.255,1024
226,103.30.169.0,103.30.169.255,256
227,103.30.188.0,103.30.191.255,1024
228,103.31.108.0,103.31.108.255,256
229,103.31.176.0,103.31.179.255,1024
230,103.31.208.0,103.31.211.255,1024
231,103.31.252.3,103.31.252.66,64
232,103.31.254.163,103.31.254.226,64
233,103.31.255.3,103.31.255.130,128
234,103.35.108.0,103.35.111.255,1024
235,103.35.156.0,103.35.159.255,1024
236,103.35.168.0,103.35.171.255,1024
237,103.36.24.0,103.36.27.255,1024
238,103.36.100.0,103.36.103.255,1024
239,103.38.16.0,103.38.19.255,1024
240,103.40.76.0,103.40.79.255,1024
241,103.40.82.0,103.40.83.255,512
242,103.40.164.0,103.40.164.16,17
243,103.40.226.0,103.40.227.255,512
244,103.41.111.0,103.41.111.255,256
245,103.41.212.0,103.41.213.255,512
246,103.41.244.0,103.41.245.255,512
247,103.42.152.0,103.42.155.255,1024
248,103.43.52.0,103.43.55.255,1024
249,103.43.93.0,103.43.93.255,256
250,103.43.148.0,103.43.151.255,1024
251,103.43.230.0,103.43.230.255,256
252,103.44.76.0,103.44.79.255,1024
253,103.44.150.0,103.44.151.255,512
254,103.46.148.0,103.46.151.255,1024
255,103.48.16.0,103.48.19.255,1024
256,103.48.119.0,103.48.119.255,256
257,103.49.168.0,103.49.171.255,1024
258,103.49.200.0,103.49.203.255,1024
259,103.50.168.0,103.50.171.255,1024
260,103.51.2.0,103.51.3.255,512
261,103.51.104.0,103.51.107.255,1024
262,103.51.120.0,103.51.123.255,1024
263,103.51.228.0,103.51.231.255,1024
264,103.52.134.0,103.52.135.255,512
265,103.52.140.0,103.52.143.255,1024
266,103.53.36.0,103.53.39.255,1024
267,103.53.84.0,103.53.85.255,512
268,103.54.36.0,103.54.43.255,2048
269,103.54.148.0,103.54.151.255,1024
270,103.55.144.0,103.55.147.255,1024
271,103.56.4.0,103.56.7.255,1024
272,103.56.208.0,103.56.209.255,512
273,103.57.20.0,103.57.23.255,1024
274,103.57.40.0,103.57.43.255,1024
275,103.57.116.0,103.57.123.255,2048
276,103.57.151.0,103.57.151.255,256
277,103.58.72.0,103.58.75.255,1024
278,103.58.92.0,103.58.95.255,1024
279,103.58.108.0,103.58.109.255,512
280,103.59.36.0,103.59.39.255,1024
281,103.59.168.0,103.59.171.255,1024
282,103.59.176.0,103.59.179.255,1024
283,103.59.233.0,103.59.233.255,256
284,103.60.160.0,103.60.163.255,1024
285,103.60.172.0,103.60.175.255,1024
286,103.62.140.0,103.62.145.255,1536
287,103.63.156.0,103.63.159.255,1024
288,103.63.234.0,103.63.235.255,512
289,103.66.24.0,103.66.25.255,512
290,103.66.64.0,103.66.67.255,1024
291,103.66.176.0,103.66.179.255,1024
292,103.67.156.0,103.67.159.255,1024
293,103.67.196.0,103.67.199.255,1024
294,103.68.4.0,103.68.7.255,1024
295,103.68.104.0,103.68.104.255,256
296,103.68.116.0,103.68.119.255,1024
297,103.69.148.0,103.69.151.255,1024
298,103.69.156.0,103.69.159.255,1024
299,103.70.12.0,103.70.15.255,1024
300,103.192.156.0,103.192.159.255,1024
301,103.193.168.0,103.193.171.255,1024
302,103.195.0.0,103.195.3.255,1024
303,103.195.54.0,103.195.55.255,512
304,103.195.140.0,103.195.141.255,512
305,103.195.204.0,103.195.205.255,512
306,103.196.232.0,103.196.235.255,1024
307,103.197.48.0,103.197.49.255,512
308,103.197.152.0,103.197.155.255,1024
309,103.197.204.0,103.197.207.255,1024
310,103.197.248.0,103.197.251.255,1024
311,103.198.2.0,103.198.3.255,512
312,103.198.132.0,103.198.139.255,2048
313,103.198.168.0,103.198.171.255,1024
314,103.198.252.0,103.198.255.255,1024
315,103.199.84.0,103.199.87.255,1024
316,103.199.108.0,103.199.111.255,1024
317,103.199.152.0,103.199.155.255,1024
318,103.199.168.0,103.199.169.255,512
319,103.199.232.0,103.199.235.255,1024
320,103.200.36.0,103.200.39.255,1024
321,103.200.92.0,103.200.95.255,1024
322,103.202.52.0,103.202.55.255,1024
323,103.202.220.0,103.202.223.255,1024
324,103.203.92.0,103.203.95.255,1024
325,103.203.176.0,103.203.179.255,1024
326,103.204.80.0,103.204.87.255,2048
327,103.204.128.0,103.204.131.255,1024
328,103.204.200.0,103.204.203.255,1024
329,103.204.208.0,103.204.211.255,1024
330,103.204.244.0,103.204.247.255,1024
331,103.205.58.0,103.205.59.255,512
332,103.205.68.0,103.205.71.255,1024
333,103.205.132.0,103.205.135.255,1024
334,103.205.180.0,103.205.183.255,1024
335,103.205.232.0,103.205.235.255,1024
336,103.206.184.0,103.206.185.255,512
337,103.206.228.0,103.206.231.255,1024
338,103.207.88.0,103.207.91.255,1024
339,103.207.152.0,103.207.153.255,512
340,103.208.132.0,103.208.135.255,1024
341,103.208.180.0,103.208.183.255,1024
342,103.209.11.0,103.209.11.255,256
343,103.209.20.0,103.209.23.255,1024
344,103.209.80.0,103.209.83.255,1024
345,103.209.196.0,103.209.199.255,1024
346,103.209.228.0,103.209.231.255,1024
347,103.210.16.0,103.210.19.255,1024
348,103.210.56.0,103.210.63.255,2048
349,103.210.68.0,103.210.71.255,1024
350,103.211.28.0,103.211.31.255,1024
351,103.211.144.0,103.211.147.255,1024
352,103.211.184.0,103.211.185.255,512
353,103.211.204.0,103.211.207.255,1024
354,103.212.80.0,103.212.83.255,1024
355,103.213.28.0,103.213.29.255,512
356,103.213.236.0,103.213.243.255,2048
357,103.214.0.0,103.214.3.255,1024
358,103.214.80.0,103.214.83.255,1024
359,103.214.92.0,103.214.95.255,1024
360,103.214.156.0,103.214.159.255,1024
361,103.214.200.0,103.214.203.255,1024
362,103.214.216.0,103.214.219.255,1024
363,103.216.56.0,103.216.59.255,1024
364,103.217.104.0,103.217.105.255,512
365,103.217.108.0,103.217.115.255,2048
366,103.218.164.0,103.218.164.255,256
367,103.218.188.0,103.218.191.255,1024
368,103.219.114.0,103.219.115.255,512
369,103.219.147.0,103.219.147.255,256
370,103.219.160.0,103.219.163.255,1024
371,103.219.168.0,103.219.171.255,1024
372,103.219.224.0,103.219.227.255,1024
373,103.219.232.0,103.219.235.255,1024
374,103.220.204.0,103.220.207.255,1024
375,103.221.52.0,103.221.59.255,2048
376,103.221.252.0,103.221.255.255,1024
377,103.222.20.0,103.222.23.255,1024
378,103.225.92.0,103.225.95.255,1024
379,103.225.228.0,103.225.231.255,1024
380,103.226.122.0,103.226.122.255,256
381,103.228.0.0,103.228.3.255,1024
382,103.228.49.0,103.228.49.255,256
383,103.228.120.0,103.228.123.255,1024
384,103.228.134.0,103.228.135.255,512
385,103.228.200.0,103.228.203.255,1024
386,103.228.224.0,103.228.227.255,1024
387,103.229.44.0,103.229.47.255,1024
388,103.229.80.0,103.229.87.255,2048
389,103.230.4.0,103.230.7.255,1024
390,103.230.16.0,103.230.19.255,1024
391,103.230.60.0,103.230.63.255,1024
392,103.230.104.0,103.230.107.255,1024
393,103.230.180.0,103.230.183.255,1024
394,103.230.208.0,103.230.211.255,1024
395,103.231.135.0,103.231.135.255,256
396,103.231.160.0,103.231.163.255,1024
397,103.231.176.0,103.231.179.255,1024
398,103.231.228.0,103.231.231.255,1024
399,103.232.100.0,103.232.103.255,1024
400,103.233.121.0,103.233.121.255,256
401,103.234.24.0,103.234.27.255,1024
402,103.234.192.0,103.234.193.255,512
403,103.234.200.0,103.234.203.255,1024
404,103.237.36.0,103.237.39.255,1024
405,103.238.63.0,103.238.63.255,256
406,103.239.4.0,103.239.7.255,1024
407,103.239.252.0,103.239.255.255,1024
408,103.240.44.0,103.240.47.255,1024
409,103.240.248.0,103.240.251.255,1024
410,103.242.20.0,103.242.23.255,1024
411,103.242.216.0,103.242.219.255,1024
412,103.243.76.0,103.243.83.255,2048
413,103.243.140.0,103.243.143.255,1024
414,103.244.12.0,103.244.15.255,1024
415,103.244.140.0,103.244.143.255,1024
416,103.244.162.0,103.244.162.255,256
417,103.244.184.0,103.244.187.255,1024
418,103.245.96.0,103.245.99.255,1024
419,103.245.108.0,103.245.111.255,1024
420,103.245.140.0,103.245.143.255,1024
421,103.245.204.0,103.245.207.255,1024
422,103.247.44.0,103.247.47.255,1024
423,103.247.238.0,103.247.239.255,512
424,103.248.12.0,103.248.15.255,1024
425,103.248.204.0,103.248.207.255,1024
426,103.248.236.0,103.248.239.255,1024
427,103.249.0.0,103.249.3.255,1024
428,103.249.56.0,103.249.56.255,256
429,103.250.42.0,103.250.43.255,512
430,103.250.68.0,103.250.71.255,1024
431,103.251.120.0,103.251.123.255,1024
432,103.251.232.0,103.251.235.255,1024
433,103.251.244.0,103.251.247.255,1024
434,103.252.224.0,103.252.227.255,1024
435,103.253.38.0,103.253.39.255,512
436,103.253.44.0,103.253.47.255,1024
437,103.253.160.0,103.253.163.255,1024
438,103.254.26.0,103.254.26.255,256
439,103.254.84.0,103.254.87.255,1024
440,103.254.94.0,103.254.94.255,256
441,103.254.167.0,103.254.167.255,256
442,103.255.30.0,103.255.30.255,256
443,104.237.193.136,104.237.193.143,8
444,104.237.196.0,104.237.196.63,64
445,106.0.52.0,106.0.55.255,1024
446,106.0.60.0,106.0.63.255,1024
447,108.166.217.192,108.166.217.207,16
448,109.239.202.72,109.239.202.79,8
449,110.44.0.0,110.44.3.255,1024
450,110.76.128.0,110.76.131.255,1024
451,111.221.0.0,111.221.7.255,2048
452,112.137.0.0,112.137.15.255,4096
453,113.11.0.0,113.11.127.255,32768
454,113.21.228.0,113.21.231.255,1024
455,113.208.85.0,113.208.85.255,256
456,114.31.0.0,114.31.31.255,8192
457,114.129.8.0,114.129.15.255,2048
458,114.130.0.0,114.130.255.255,65536
459,114.134.88.0,114.134.95.255,2048
460,115.42.52.0,115.42.55.255,1024
461,115.69.208.0,115.69.215.255,2048
462,115.127.0.0,115.127.223.255,57344
463,116.12.32.0,116.12.39.255,2048
464,116.58.200.0,116.58.207.255,2048
465,116.68.192.0,116.68.207.255,4096
466,116.193.216.0,116.193.223.255,2048
467,116.212.104.0,116.212.111.255,2048
468,116.212.184.0,116.212.191.255,2048
469,117.18.224.0,117.18.231.255,2048
470,117.58.240.0,117.58.247.255,2048
471,117.103.80.0,117.103.87.255,2048
472,117.104.186.0,117.104.187.255,512
473,118.179.0.0,118.179.223.255,57344
474,119.10.172.0,119.10.175.255,1024
475,119.15.152.0,119.15.159.255,2048
476,119.18.144.0,119.18.151.255,2048
477,119.30.32.0,119.30.47.255,4096
478,119.40.80.0,119.40.95.255,4096
479,119.42.36.0,119.42.39.255,1024
480,119.148.0.0,119.148.63.255,16384
481,120.50.0.0,120.50.31.255,8192
482,120.50.176.0,120.50.183.255,2048
483,121.46.68.0,121.46.75.255,2048
484,121.200.60.0,121.200.63.255,1024
485,122.99.96.0,122.99.103.255,2048
486,122.102.32.0,122.102.39.255,2048
487,122.144.8.0,122.144.15.255,2048
488,122.152.48.0,122.152.55.255,2048
489,122.248.0.0,122.248.15.255,4096
490,123.0.16.0,123.0.31.255,4096
491,123.49.0.0,123.49.63.255,16384
492,123.108.240.0,123.108.247.255,2048
493,123.136.24.0,123.136.31.255,2048
494,123.176.56.0,123.176.59.255,1024
495,123.200.0.0,123.200.31.255,8192
496,124.6.224.0,124.6.239.255,4096
497,124.109.104.0,124.109.107.255,1024
498,137.59.4.0,137.59.7.255,1024
499,137.59.48.0,137.59.51.255,1024
500,137.59.152.0,137.59.155.255,1024
501,137.59.180.0,137.59.183.255,1024
502,139.5.104.0,139.5.107.255,1024
503,139.5.120.0,139.5.123.255,1024
504,139.5.132.0,139.5.135.255,1024
505,139.5.188.0,139.5.191.255,1024
506,144.48.0.0,144.48.3.255,1024
507,144.48.84.0,144.48.87.255,1024
508,144.48.96.0,144.48.99.255,1024
509,144.48.108.0,144.48.115.255,2048
510,144.48.148.0,144.48.151.255,1024
511,144.48.160.0,144.48.163.255,1024
512,146.196.48.0,146.196.51.255,1024
513,150.107.48.0,150.107.55.255,2048
514,150.129.16.0,150.129.17.255,512
515,150.129.220.0,150.129.223.255,1024
516,150.242.104.0,150.242.107.255,1024
517,157.119.48.0,157.119.51.255,1024
518,157.119.184.0,157.119.187.255,1024
519,157.119.236.0,157.119.239.255,1024
520,160.202.144.0,160.202.147.255,1024
521,163.47.32.0,163.47.39.255,2048
522,163.47.76.0,163.47.87.255,3072
523,163.47.144.0,163.47.147.255,1024
524,163.47.156.0,163.47.159.255,1024
525,163.53.140.0,163.53.143.255,1024
526,163.53.148.0,163.53.151.255,1024
527,163.53.180.0,163.53.183.255,1024
528,167.88.4.72,167.88.4.79,8
529,167.88.7.240,167.88.7.247,8
530,167.88.10.208,167.88.10.215,8
531,167.88.10.224,167.88.10.239,16
532,167.88.15.48,167.88.15.55,8
533,170.178.192.160,170.178.192.191,32
534,173.82.7.64,173.82.7.127,64
535,173.82.28.224,173.82.28.255,32
536,173.82.82.24,173.82.82.31,8
537,173.224.124.79,173.224.124.79,1
538,175.29.0.0,175.29.255.255,65536
539,180.87.147.64,180.87.147.127,64
540,180.92.224.0,180.92.239.255,4096
541,180.148.208.0,180.148.215.255,2048
542,180.149.0.0,180.149.31.255,8192
543,180.149.232.0,180.149.235.255,1024
544,180.200.236.0,180.200.239.255,1024
545,180.210.128.0,180.210.191.255,16384
546,180.210.220.0,180.210.223.255,1024
547,180.211.128.0,180.211.255.255,32768
548,180.234.0.0,180.234.255.255,65536
549,182.16.156.0,182.16.159.255,1024
550,182.48.64.0,182.48.95.255,8192
551,182.160.96.0,182.160.127.255,8192
552,182.163.96.0,182.163.127.255,8192
553,182.252.64.0,182.252.127.255,16384
554,185.19.235.32,185.19.235.39,8
555,192.140.252.0,192.140.255.255,1024
556,199.204.135.56,199.204.135.63,8
557,202.0.94.0,202.0.94.255,256
558,202.4.96.0,202.4.127.255,8192
559,202.4.173.0,202.4.173.255,256
560,202.5.32.0,202.5.63.255,8192
561,202.22.192.0,202.22.207.255,4096
562,202.40.176.0,202.40.191.255,4096
563,202.44.104.0,202.44.111.255,2048
564,202.45.159.0,202.45.159.255,256
565,202.51.176.0,202.51.191.255,4096
566,202.52.138.0,202.52.139.255,512
567,202.53.160.0,202.53.175.255,4096
568,202.56.4.0,202.56.7.255,1024
569,202.58.108.0,202.58.111.255,1024
570,202.58.252.0,202.58.255.255,1024
571,202.59.128.0,202.59.143.255,4096
572,202.59.208.0,202.59.211.255,1024
573,202.65.10.0,202.65.11.255,512
574,202.65.168.0,202.65.175.255,2048
575,202.72.99.0,202.72.99.7,8
576,202.72.110.96,202.72.110.127,32
577,202.72.232.0,202.72.239.255,2048
578,202.73.4.0,202.73.7.255,1024
579,202.74.240.0,202.74.247.255,2048
580,202.79.16.0,202.79.23.255,2048
581,202.83.124.0,202.83.127.255,1024
582,202.84.32.0,202.84.47.255,4096
583,202.84.64.0,202.84.71.255,2048
584,202.86.216.0,202.86.223.255,2048
585,202.88.40.0,202.88.43.255,1024
586,202.90.200.0,202.90.203.255,1024
587,202.125.64.0,202.125.79.255,4096
588,202.126.120.0,202.126.127.255,2048
589,202.129.192.0,202.129.195.255,1024
590,202.133.14.208,202.133.14.223,16
591,202.133.88.0,202.133.91.255,1024
592,202.134.8.0,202.134.15.255,2048
593,202.136.88.0,202.136.91.255,1024
594,202.161.138.0,202.161.138.255,256
595,202.161.152.0,202.161.152.255,256
596,202.161.176.0,202.161.191.255,4096
597,202.164.208.0,202.164.215.255,2048
598,202.168.224.0,202.168.255.255,8192
599,202.174.139.0,202.174.139.255,256
600,202.174.141.0,202.174.141.255,256
601,202.174.142.128,202.174.142.191,64
602,202.174.143.88,202.174.143.95,8
603,202.174.144.176,202.174.144.191,16
604,202.174.148.144,202.174.148.159,16
605,202.174.148.224,202.174.148.239,16
606,202.174.151.0,202.174.151.63,64
607,202.174.151.128,202.174.151.159,32
608,202.174.151.192,202.174.151.255,64
609,202.174.153.96,202.174.153.103,8
610,202.174.153.112,202.174.153.127,16
611,202.174.153.160,202.174.153.175,16
612,202.174.153.232,202.174.153.239,8
613,202.174.154.136,202.174.154.143,8
614,202.174.155.160,202.174.155.167,8
615,202.174.155.224,202.174.155.231,8
616,202.174.156.0,202.174.156.63,64
617,202.174.156.216,202.174.156.223,8
618,202.174.157.64,202.174.157.127,64
619,202.181.12.0,202.181.19.255,2048
620,202.191.120.0,202.191.127.255,2048
621,203.76.96.0,203.76.127.255,8192
622,203.76.144.0,203.76.159.255,4096
623,203.76.220.0,203.76.223.255,1024
624,203.78.144.0,203.78.147.255,1024
625,203.82.192.0,203.82.207.255,4096
626,203.83.160.0,203.83.191.255,8192
627,203.88.67.0,203.88.67.31,32
628,203.88.67.64,203.88.67.127,64
629,203.88.67.192,203.88.67.255,64
630,203.88.70.0,203.88.70.95,96
631,203.88.74.0,203.88.76.255,768
632,203.88.84.0,203.88.84.255,256
633,203.88.90.0,203.88.90.63,64
634,203.88.90.96,203.88.90.127,32
635,203.92.219.196,203.92.219.196,1
636,203.95.220.0,203.95.223.255,1024
637,203.112.72.0,203.112.79.255,2048
638,203.112.192.0,203.112.223.255,8192
639,203.119.19.0,203.119.19.255,256
640,203.148.88.0,203.148.91.255,1024
641,203.169.24.0,203.169.31.255,2048
642,203.188.160.0,203.188.191.255,8192
643,203.188.240.0,203.188.255.255,4096
644,203.189.224.0,203.189.231.255,2048
645,203.190.0.0,203.190.3.255,1024
646,203.190.8.0,203.190.15.255,2048
647,203.190.32.0,203.190.35.255,1024
648,203.190.254.0,203.190.255.255,512
649,203.191.32.0,203.191.33.255,512
650,203.201.48.0,203.201.49.255,512
651,203.202.240.0,203.202.255.255,4096
652,203.223.92.0,203.223.95.255,1024
653,204.110.53.8,204.110.53.15,8
654,208.87.0.64,208.87.0.71,8
655,208.87.3.72,208.87.3.79,8
656,208.87.3.112,208.87.3.127,16
657,208.233.6.0,208.233.7.255,512
658,209.58.24.0,209.58.24.255,256
659,209.126.109.129,209.126.109.129,1
660,209.126.109.171,209.126.109.171,1
661,209.239.115.30,209.239.115.30,1
662,209.239.115.47,209.239.115.47,1
663,210.1.240.0,210.1.255.255,4096
664,210.4.64.0,210.4.79.255,4096
665,210.89.83.0,210.89.83.255,256
666,216.6.28.32,216.6.28.47,16
667,217.10.163.192,217.10.163.223,32
668,218.100.37.0,218.100.37.255,256
669,220.158.204.0,220.158.207.255,1024
670,220.158.232.0,220.158.235.255,1024
671,220.247.128.0,220.247.131.255,1024
672,220.247.160.0,220.247.167.255,2048
673,221.120.96.0,221.120.103.255,2048
674,223.25.252.0,223.25.255.255,1024
675,223.27.80.0,223.27.95.255,4096
676,223.27.112.0,223.27.115.255,1024
677,223.29.212.0,223.29.215.255,1024
678,223.165.0.0,223.165.3.255,1024
